"Status","Start Time","Stop Time","Duration in ms","Parent Suite","Suite","Sub Suite","Test Class","Test Method","Name","Description"
"passed","Mon Dec 21 18:53:19 GMT 2020","Mon Dec 21 18:53:19 GMT 2020","2","SHAFT_Engine: Custom Suite","SHAFT_Engine: Custom Test","testPackage01.Test_NewValidationActions","testPackage01.Test_NewValidationActions","forceFail","forceFail",""
"passed","Mon Dec 21 18:54:24 GMT 2020","Mon Dec 21 18:54:30 GMT 2020","6470","SHAFT_Engine: Custom Suite","SHAFT_Engine: Custom Test","unitTests.tests_element_elementActions","unitTests.tests_element_elementActions","waitForElementToBePresent_true_expectedToFail","waitForElementToBePresent_true_expectedToFail",""
"passed","Mon Dec 21 18:54:22 GMT 2020","Mon Dec 21 18:54:23 GMT 2020","1476","SHAFT_Engine: Custom Suite","SHAFT_Engine: Custom Test","unitTests.tests_element_elementActions","unitTests.tests_element_elementActions","waitForElementToBePresent_moreThanOneElement_expectedToFail","waitForElementToBePresent_moreThanOneElement_expectedToFail",""
"passed","Mon Dec 21 18:55:07 GMT 2020","Mon Dec 21 18:55:08 GMT 2020","987","SHAFT_Engine: Custom Suite","SHAFT_Engine: Custom Test","unitTests.tests_validations_assertions","unitTests.tests_validations_assertions","assertElementAttribute_true_containsComparison_expectedToPass","assertElementAttribute_true_containsComparison_expectedToPass",""
"passed","Mon Dec 21 18:55:01 GMT 2020","Mon Dec 21 18:55:02 GMT 2020","1060","SHAFT_Engine: Custom Suite","SHAFT_Engine: Custom Test","unitTests.tests_validations_assertions","unitTests.tests_validations_assertions","assertElementAttribute_true_caseInsensitiveComparison_expectedToPass","assertElementAttribute_true_caseInsensitiveComparison_expectedToPass",""
"passed","Mon Dec 21 18:52:11 GMT 2020","Mon Dec 21 18:52:12 GMT 2020","410","SHAFT_Engine: Custom Suite","SHAFT_Engine: Custom Test","testPackage01.Test_NewValidationActions","testPackage01.Test_NewValidationActions","f18","f18",""
"passed","Mon Dec 21 18:52:43 GMT 2020","Mon Dec 21 18:52:43 GMT 2020","403","SHAFT_Engine: Custom Suite","SHAFT_Engine: Custom Test","testPackage01.Test_NewValidationActions","testPackage01.Test_NewValidationActions","f22","f22",""
"passed","Mon Dec 21 18:56:15 GMT 2020","Mon Dec 21 18:56:15 GMT 2020","2","SHAFT_Engine: Custom Suite","SHAFT_Engine: Custom Test","unitTests.tests_validations_assertions","unitTests.tests_validations_assertions","assertEquals_false_expectedToFail","assertEquals_false_expectedToFail",""
"passed","Mon Dec 21 18:55:04 GMT 2020","Mon Dec 21 18:55:05 GMT 2020","1023","SHAFT_Engine: Custom Suite","SHAFT_Engine: Custom Test","unitTests.tests_validations_assertions","unitTests.tests_validations_assertions","assertElementAttribute_true_containsComparison_expectedToFail","assertElementAttribute_true_containsComparison_expectedToFail",""
"passed","Mon Dec 21 18:56:49 GMT 2020","Mon Dec 21 18:56:49 GMT 2020","246","SHAFT_Engine: Custom Suite","SHAFT_Engine: Custom Test","unitTests.tests_restActions","unitTests.tests_restActions","validateUserEmail","validateUserEmail",""
"passed","Mon Dec 21 18:56:16 GMT 2020","Mon Dec 21 18:56:16 GMT 2020","1","SHAFT_Engine: Custom Suite","SHAFT_Engine: Custom Test","unitTests.tests_validations_assertions","unitTests.tests_validations_assertions","assertNull_true_expectedToPass","assertNull_true_expectedToPass",""
"passed","Mon Dec 21 18:52:10 GMT 2020","Mon Dec 21 18:52:10 GMT 2020","405","SHAFT_Engine: Custom Suite","SHAFT_Engine: Custom Test","testPackage01.Test_NewValidationActions","testPackage01.Test_NewValidationActions","f17","f17",""
"passed","Mon Dec 21 18:56:16 GMT 2020","Mon Dec 21 18:56:16 GMT 2020","1","SHAFT_Engine: Custom Suite","SHAFT_Engine: Custom Test","unitTests.tests_validations_assertions","unitTests.tests_validations_assertions","assertNull_false_expectedToFail","assertNull_false_expectedToFail",""
"passed","Mon Dec 21 18:52:44 GMT 2020","Mon Dec 21 18:52:44 GMT 2020","5","SHAFT_Engine: Custom Suite","SHAFT_Engine: Custom Test","testPackage01.Test_NewValidationActions","testPackage01.Test_NewValidationActions","f6_2","f6_2",""
"passed","Mon Dec 21 18:51:17 GMT 2020","Mon Dec 21 18:51:18 GMT 2020","775","SHAFT_Engine: Custom Suite","SHAFT_Engine: Custom Test","testPackage01.Test_NewValidationActions","testPackage01.Test_NewValidationActions","f10","f10",""
"passed","Mon Dec 21 18:56:28 GMT 2020","Mon Dec 21 18:56:29 GMT 2020","235","SHAFT_Engine: Custom Suite","SHAFT_Engine: Custom Test","unitTests.tests_browserActions","unitTests.tests_browserActions","maximizeWindow","maximizeWindow",""
"passed","Mon Dec 21 18:51:40 GMT 2020","Mon Dec 21 18:52:06 GMT 2020","25653","SHAFT_Engine: Custom Suite","SHAFT_Engine: Custom Test","testPackage01.Test_NewValidationActions","testPackage01.Test_NewValidationActions","f16","f16",""
"passed","Mon Dec 21 18:56:16 GMT 2020","Mon Dec 21 18:56:16 GMT 2020","4","SHAFT_Engine: Custom Suite","SHAFT_Engine: Custom Test","unitTests.tests_io_excelFileManager","unitTests.tests_io_excelFileManager","getCellData_rowName_expectedToPass","getCellData_rowName_expectedToPass",""
"passed","Mon Dec 21 18:54:33 GMT 2020","Mon Dec 21 18:54:33 GMT 2020","0","SHAFT_Engine: Custom Suite","SHAFT_Engine: Custom Test","unitTests.tests_validations_assertions","unitTests.tests_validations_assertions","assertComparativeRelation_greaterThanOrEquals_true_equals_expectedToFail","assertComparativeRelation_greaterThanOrEquals_true_equals_expectedToFail",""
"passed","Mon Dec 21 18:52:44 GMT 2020","Mon Dec 21 18:52:44 GMT 2020","3","SHAFT_Engine: Custom Suite","SHAFT_Engine: Custom Test","testPackage01.Test_NewValidationActions","testPackage01.Test_NewValidationActions","f37","f37",""
"passed","Mon Dec 21 18:54:33 GMT 2020","Mon Dec 21 18:54:33 GMT 2020","1","SHAFT_Engine: Custom Suite","SHAFT_Engine: Custom Test","unitTests.tests_validations_assertions","unitTests.tests_validations_assertions","assertComparativeRelation_greaterThanOrEquals_true_greaterThan_expectedToPass","assertComparativeRelation_greaterThanOrEquals_true_greaterThan_expectedToPass",""
"passed","Mon Dec 21 18:52:44 GMT 2020","Mon Dec 21 18:52:45 GMT 2020","358","SHAFT_Engine: Custom Suite","SHAFT_Engine: Custom Test","testPackage01.Test_NewValidationActions","testPackage01.Test_NewValidationActions","f8","f8",""
"passed","Mon Dec 21 18:52:43 GMT 2020","Mon Dec 21 18:52:43 GMT 2020","3","SHAFT_Engine: Custom Suite","SHAFT_Engine: Custom Test","testPackage01.Test_NewValidationActions","testPackage01.Test_NewValidationActions","f29","f29",""
"passed","Mon Dec 21 18:55:38 GMT 2020","Mon Dec 21 18:55:38 GMT 2020","291","SHAFT_Engine: Custom Suite","SHAFT_Engine: Custom Test","unitTests.tests_validations_assertions","unitTests.tests_validations_assertions","assertElementExists_false_multipleElementsFound_expectedToFail","assertElementExists_false_multipleElementsFound_expectedToFail",""
"passed","Mon Dec 21 18:54:31 GMT 2020","Mon Dec 21 18:54:32 GMT 2020","1452","SHAFT_Engine: Custom Suite","SHAFT_Engine: Custom Test","unitTests.tests_element_elementActions","unitTests.tests_element_elementActions","waitForElementToBePresent_true_expectedToPass","waitForElementToBePresent_true_expectedToPass",""
"passed","Mon Dec 21 18:53:26 GMT 2020","Mon Dec 21 18:53:30 GMT 2020","4051","SHAFT_Engine: Custom Suite","SHAFT_Engine: Custom Test","testPackage01.Test_chainableElementActions","testPackage01.Test_chainableElementActions","chainElementActions","chainElementActions",""
"passed","Mon Dec 21 18:56:15 GMT 2020","Mon Dec 21 18:56:15 GMT 2020","1","SHAFT_Engine: Custom Suite","SHAFT_Engine: Custom Test","unitTests.tests_validations_assertions","unitTests.tests_validations_assertions","assertEquals_true_expectedToPass__","assertEquals_true_expectedToPass__",""
"passed","Mon Dec 21 18:53:45 GMT 2020","Mon Dec 21 18:53:45 GMT 2020","10","SHAFT_Engine: Custom Suite","SHAFT_Engine: Custom Test","testPackage01.Test_JsonActions","testPackage01.Test_JsonActions","f2","f2",""
"passed","Mon Dec 21 18:54:33 GMT 2020","Mon Dec 21 18:54:33 GMT 2020","1","SHAFT_Engine: Custom Suite","SHAFT_Engine: Custom Test","unitTests.tests_validations_assertions","unitTests.tests_validations_assertions","assertComparativeRelation_greaterThanOrEquals_false_greaterThan_expectedToFail","assertComparativeRelation_greaterThanOrEquals_false_greaterThan_expectedToFail",""
"passed","Mon Dec 21 18:52:43 GMT 2020","Mon Dec 21 18:52:43 GMT 2020","2","SHAFT_Engine: Custom Suite","SHAFT_Engine: Custom Test","testPackage01.Test_NewValidationActions","testPackage01.Test_NewValidationActions","f31","f31",""
"passed","Mon Dec 21 18:56:15 GMT 2020","Mon Dec 21 18:56:15 GMT 2020","2","SHAFT_Engine: Custom Suite","SHAFT_Engine: Custom Test","unitTests.tests_validations_assertions","unitTests.tests_validations_assertions","assertEquals_true_expectedToFail","assertEquals_true_expectedToFail",""
"passed","Mon Dec 21 18:56:16 GMT 2020","Mon Dec 21 18:56:16 GMT 2020","1","SHAFT_Engine: Custom Suite","SHAFT_Engine: Custom Test","unitTests.tests_validations_assertions","unitTests.tests_validations_assertions","assertNull_true_expectedToFail","assertNull_true_expectedToFail",""
"passed","Mon Dec 21 18:53:51 GMT 2020","Mon Dec 21 18:53:55 GMT 2020","4241","SHAFT_Engine: Custom Suite","SHAFT_Engine: Custom Test","testPackage01.Test_assertEquals","testPackage01.Test_assertEquals","test_assertElementAttribute","test_assertElementAttribute",""
"passed","Mon Dec 21 18:54:15 GMT 2020","Mon Dec 21 18:54:21 GMT 2020","6398","SHAFT_Engine: Custom Suite","SHAFT_Engine: Custom Test","unitTests.tests_element_elementActions","unitTests.tests_element_elementActions","waitForElementToBePresent_false_expectedToPass","waitForElementToBePresent_false_expectedToPass",""
"passed","Mon Dec 21 18:56:23 GMT 2020","Mon Dec 21 18:56:23 GMT 2020","62","SHAFT_Engine: Custom Suite","SHAFT_Engine: Custom Test","unitTests.tests_browserActions","unitTests.tests_browserActions","getWindowHandle","getWindowHandle",""
"passed","Mon Dec 21 18:54:33 GMT 2020","Mon Dec 21 18:54:33 GMT 2020","1","SHAFT_Engine: Custom Suite","SHAFT_Engine: Custom Test","unitTests.tests_validations_assertions","unitTests.tests_validations_assertions","assertComparativeRelation_greaterThanOrEquals_false_equals_expectedToPass","assertComparativeRelation_greaterThanOrEquals_false_equals_expectedToPass",""
"passed","Mon Dec 21 18:54:02 GMT 2020","Mon Dec 21 18:54:02 GMT 2020","450","SHAFT_Engine: Custom Suite","SHAFT_Engine: Custom Test","testPackage01.Test_JsonCompareWithSpecialCharacters","testPackage01.Test_JsonCompareWithSpecialCharacters","specialCharacters","specialCharacters",""
"passed","Mon Dec 21 18:54:33 GMT 2020","Mon Dec 21 18:54:33 GMT 2020","0","SHAFT_Engine: Custom Suite","SHAFT_Engine: Custom Test","unitTests.tests_validations_assertions","unitTests.tests_validations_assertions","assertComparativeRelation_greaterThanOrEquals_true_greaterThan_expectedToFail","assertComparativeRelation_greaterThanOrEquals_true_greaterThan_expectedToFail",""
"passed","Mon Dec 21 18:52:44 GMT 2020","Mon Dec 21 18:52:44 GMT 2020","1","SHAFT_Engine: Custom Suite","SHAFT_Engine: Custom Test","testPackage01.Test_NewValidationActions","testPackage01.Test_NewValidationActions","f6","f6",""
"passed","Mon Dec 21 18:51:14 GMT 2020","Mon Dec 21 18:51:14 GMT 2020","123","SHAFT_Engine: Custom Suite","SHAFT_Engine: Custom Test","testPackage01.Test_NewValidationActions","testPackage01.Test_NewValidationActions","f1","f1",""
"passed","Mon Dec 21 18:52:43 GMT 2020","Mon Dec 21 18:52:44 GMT 2020","7","SHAFT_Engine: Custom Suite","SHAFT_Engine: Custom Test","testPackage01.Test_NewValidationActions","testPackage01.Test_NewValidationActions","f35","f35",""
"passed","Mon Dec 21 18:53:49 GMT 2020","Mon Dec 21 18:53:50 GMT 2020","1479","SHAFT_Engine: Custom Suite","SHAFT_Engine: Custom Test","testPackage01.Test_ShadowDOM","testPackage01.Test_ShadowDOM","shadowdom","shadowdom",""
"passed","Mon Dec 21 18:56:15 GMT 2020","Mon Dec 21 18:56:15 GMT 2020","8","SHAFT_Engine: Custom Suite","SHAFT_Engine: Custom Test","unitTests.tests_validations_assertions","unitTests.tests_validations_assertions","assertEquals_longCharacters","assertEquals_longCharacters",""
"passed","Mon Dec 21 18:52:43 GMT 2020","Mon Dec 21 18:52:43 GMT 2020","1","SHAFT_Engine: Custom Suite","SHAFT_Engine: Custom Test","testPackage01.Test_NewValidationActions","testPackage01.Test_NewValidationActions","f25","f25",""
"passed","Mon Dec 21 18:54:58 GMT 2020","Mon Dec 21 18:54:59 GMT 2020","1001","SHAFT_Engine: Custom Suite","SHAFT_Engine: Custom Test","unitTests.tests_validations_assertions","unitTests.tests_validations_assertions","assertElementAttribute_true_caseInsensitiveComparison_expectedToFail","assertElementAttribute_true_caseInsensitiveComparison_expectedToFail",""
"passed","Mon Dec 21 18:53:20 GMT 2020","Mon Dec 21 18:53:23 GMT 2020","2797","SHAFT_Engine: Custom Suite","SHAFT_Engine: Custom Test","testPackage01.Test_SelectedValue","testPackage01.Test_SelectedValue","multipleSelect","multipleSelect",""
"passed","Mon Dec 21 18:53:30 GMT 2020","Mon Dec 21 18:53:31 GMT 2020","879","SHAFT_Engine: Custom Suite","SHAFT_Engine: Custom Test","testPackage01.Test_testData","testPackage01.Test_testData","f","f",""
"passed","Mon Dec 21 18:53:45 GMT 2020","Mon Dec 21 18:53:45 GMT 2020","42","SHAFT_Engine: Custom Suite","SHAFT_Engine: Custom Test","testPackage01.Test_JsonActions","testPackage01.Test_JsonActions","f","f",""
"passed","Mon Dec 21 18:52:44 GMT 2020","Mon Dec 21 18:52:44 GMT 2020","2","SHAFT_Engine: Custom Suite","SHAFT_Engine: Custom Test","testPackage01.Test_NewValidationActions","testPackage01.Test_NewValidationActions","f36","f36",""
"passed","Mon Dec 21 18:52:43 GMT 2020","Mon Dec 21 18:52:43 GMT 2020","2","SHAFT_Engine: Custom Suite","SHAFT_Engine: Custom Test","testPackage01.Test_NewValidationActions","testPackage01.Test_NewValidationActions","f34","f34",""
"passed","Mon Dec 21 18:54:06 GMT 2020","Mon Dec 21 18:54:11 GMT 2020","5073","SHAFT_Engine: Custom Suite","SHAFT_Engine: Custom Test","testPackage01.Test_uploadFile","testPackage01.Test_uploadFile","uploadFile_visibleUploadInput","uploadFile_visibleUploadInput",""
"passed","Mon Dec 21 18:54:53 GMT 2020","Mon Dec 21 18:54:54 GMT 2020","1027","SHAFT_Engine: Custom Suite","SHAFT_Engine: Custom Test","unitTests.tests_validations_assertions","unitTests.tests_validations_assertions","assertElementAttribute_false_regexComparison_expectedToFail","assertElementAttribute_false_regexComparison_expectedToFail",""
"passed","Mon Dec 21 18:56:25 GMT 2020","Mon Dec 21 18:56:25 GMT 2020","41","SHAFT_Engine: Custom Suite","SHAFT_Engine: Custom Test","unitTests.tests_browserActions","unitTests.tests_browserActions","getWindowPosition","getWindowPosition",""
"passed","Mon Dec 21 18:55:18 GMT 2020","Mon Dec 21 18:55:19 GMT 2020","1029","SHAFT_Engine: Custom Suite","SHAFT_Engine: Custom Test","unitTests.tests_validations_assertions","unitTests.tests_validations_assertions","assertElementAttribute_true_regexComparison_expectedToFail","assertElementAttribute_true_regexComparison_expectedToFail",""
"passed","Mon Dec 21 18:54:33 GMT 2020","Mon Dec 21 18:54:33 GMT 2020","2","SHAFT_Engine: Custom Suite","SHAFT_Engine: Custom Test","unitTests.tests_validations_assertions","unitTests.tests_validations_assertions","assertComparativeRelation_greaterThanOrEquals_false_equals_expectedToFail","assertComparativeRelation_greaterThanOrEquals_false_equals_expectedToFail",""
"passed","Mon Dec 21 18:54:49 GMT 2020","Mon Dec 21 18:54:51 GMT 2020","1934","SHAFT_Engine: Custom Suite","SHAFT_Engine: Custom Test","unitTests.tests_validations_assertions","unitTests.tests_validations_assertions","assertElementAttribute_false_literalComparison_expectedToPass","assertElementAttribute_false_literalComparison_expectedToPass",""
"passed","Mon Dec 21 18:53:45 GMT 2020","Mon Dec 21 18:53:45 GMT 2020","3","SHAFT_Engine: Custom Suite","SHAFT_Engine: Custom Test","testPackage01.Test_SkipDueToIssue","testPackage01.Test_SkipDueToIssue","skip","skip",""
"passed","Mon Dec 21 18:51:20 GMT 2020","Mon Dec 21 18:51:30 GMT 2020","10609","SHAFT_Engine: Custom Suite","SHAFT_Engine: Custom Test","testPackage01.Test_NewValidationActions","testPackage01.Test_NewValidationActions","f11","f11",""
"passed","Mon Dec 21 18:52:13 GMT 2020","Mon Dec 21 18:52:13 GMT 2020","378","SHAFT_Engine: Custom Suite","SHAFT_Engine: Custom Test","testPackage01.Test_NewValidationActions","testPackage01.Test_NewValidationActions","f19","f19",""
"passed","Mon Dec 21 18:53:23 GMT 2020","Mon Dec 21 18:53:26 GMT 2020","2443","SHAFT_Engine: Custom Suite","SHAFT_Engine: Custom Test","testPackage01.Test_SelectedValue","testPackage01.Test_SelectedValue","simpleSelect","simpleSelect",""
"passed","Mon Dec 21 18:55:26 GMT 2020","Mon Dec 21 18:55:36 GMT 2020","10393","SHAFT_Engine: Custom Suite","SHAFT_Engine: Custom Test","unitTests.tests_validations_assertions","unitTests.tests_validations_assertions","assertElementExists_false_expectedToPass","assertElementExists_false_expectedToPass",""
"passed","Mon Dec 21 18:56:43 GMT 2020","Mon Dec 21 18:56:43 GMT 2020","235","SHAFT_Engine: Custom Suite","SHAFT_Engine: Custom Test","unitTests.tests_browserActions","unitTests.tests_browserActions","refreshCurrentPage","refreshCurrentPage",""
"passed","Mon Dec 21 18:52:43 GMT 2020","Mon Dec 21 18:52:43 GMT 2020","6","SHAFT_Engine: Custom Suite","SHAFT_Engine: Custom Test","testPackage01.Test_NewValidationActions","testPackage01.Test_NewValidationActions","f23","f23",""
"passed","Mon Dec 21 18:52:13 GMT 2020","Mon Dec 21 18:52:13 GMT 2020","4","SHAFT_Engine: Custom Suite","SHAFT_Engine: Custom Test","testPackage01.Test_NewValidationActions","testPackage01.Test_NewValidationActions","f2","f2",""
"passed","Mon Dec 21 18:54:33 GMT 2020","Mon Dec 21 18:54:33 GMT 2020","0","SHAFT_Engine: Custom Suite","SHAFT_Engine: Custom Test","unitTests.tests_validations_assertions","unitTests.tests_validations_assertions","assertComparativeRelation_greaterThanOrEquals_true_equals_expectedToPass","assertComparativeRelation_greaterThanOrEquals_true_equals_expectedToPass",""
"passed","Mon Dec 21 18:52:44 GMT 2020","Mon Dec 21 18:52:44 GMT 2020","2","SHAFT_Engine: Custom Suite","SHAFT_Engine: Custom Test","testPackage01.Test_NewValidationActions","testPackage01.Test_NewValidationActions","f7","f7",""
"passed","Mon Dec 21 18:53:45 GMT 2020","Mon Dec 21 18:53:45 GMT 2020","3","SHAFT_Engine: Custom Suite","SHAFT_Engine: Custom Test","testPackage01.Test_SkipDueToIssue","testPackage01.Test_SkipDueToIssue","skip2","skip2",""
"passed","Mon Dec 21 18:53:38 GMT 2020","Mon Dec 21 18:53:43 GMT 2020","4790","SHAFT_Engine: Custom Suite","SHAFT_Engine: Custom Test","testPackage01.Test_verifyEquals","testPackage01.Test_verifyEquals","test_assertElementAttribute","test_assertElementAttribute",""
"passed","Mon Dec 21 18:54:02 GMT 2020","Mon Dec 21 18:54:02 GMT 2020","56","SHAFT_Engine: Custom Suite","SHAFT_Engine: Custom Test","testPackage01.Test_JsonCompareWithSpecialCharacters","testPackage01.Test_JsonCompareWithSpecialCharacters","specialCharacters_assertion","specialCharacters_assertion",""
"passed","Mon Dec 21 18:56:16 GMT 2020","Mon Dec 21 18:56:16 GMT 2020","1","SHAFT_Engine: Custom Suite","SHAFT_Engine: Custom Test","unitTests.tests_validations_assertions","unitTests.tests_validations_assertions","assertNull_false_expectedToPass","assertNull_false_expectedToPass",""
"passed","Mon Dec 21 18:52:43 GMT 2020","Mon Dec 21 18:52:43 GMT 2020","4","SHAFT_Engine: Custom Suite","SHAFT_Engine: Custom Test","testPackage01.Test_NewValidationActions","testPackage01.Test_NewValidationActions","f30","f30",""
"passed","Mon Dec 21 18:52:44 GMT 2020","Mon Dec 21 18:52:44 GMT 2020","3","SHAFT_Engine: Custom Suite","SHAFT_Engine: Custom Test","testPackage01.Test_NewValidationActions","testPackage01.Test_NewValidationActions","f4","f4",""
"passed","Mon Dec 21 18:55:21 GMT 2020","Mon Dec 21 18:55:22 GMT 2020","1028","SHAFT_Engine: Custom Suite","SHAFT_Engine: Custom Test","unitTests.tests_validations_assertions","unitTests.tests_validations_assertions","assertElementAttribute_true_regexComparison_expectedToPass","assertElementAttribute_true_regexComparison_expectedToPass",""
"passed","Mon Dec 21 18:52:44 GMT 2020","Mon Dec 21 18:52:44 GMT 2020","1","SHAFT_Engine: Custom Suite","SHAFT_Engine: Custom Test","testPackage01.Test_NewValidationActions","testPackage01.Test_NewValidationActions","f6_1","f6_1",""
"passed","Mon Dec 21 18:56:38 GMT 2020","Mon Dec 21 18:56:39 GMT 2020","418","SHAFT_Engine: Custom Suite","SHAFT_Engine: Custom Test","unitTests.tests_browserActions","unitTests.tests_browserActions","navigateToURL","navigateToURL",""
"passed","Mon Dec 21 18:56:30 GMT 2020","Mon Dec 21 18:56:32 GMT 2020","1595","SHAFT_Engine: Custom Suite","SHAFT_Engine: Custom Test","unitTests.tests_browserActions","unitTests.tests_browserActions","navigateBack","navigateBack",""
"passed","Mon Dec 21 18:56:17 GMT 2020","Mon Dec 21 18:56:17 GMT 2020","265","SHAFT_Engine: Custom Suite","SHAFT_Engine: Custom Test","unitTests.tests_browserActions","unitTests.tests_browserActions","fullScreenWindow","fullScreenWindow",""
"passed","Mon Dec 21 18:52:43 GMT 2020","Mon Dec 21 18:52:43 GMT 2020","1","SHAFT_Engine: Custom Suite","SHAFT_Engine: Custom Test","testPackage01.Test_NewValidationActions","testPackage01.Test_NewValidationActions","f24","f24",""
"passed","Mon Dec 21 18:55:15 GMT 2020","Mon Dec 21 18:55:16 GMT 2020","1837","SHAFT_Engine: Custom Suite","SHAFT_Engine: Custom Test","unitTests.tests_validations_assertions","unitTests.tests_validations_assertions","assertElementAttribute_true_literalComparison_expectedToPass","assertElementAttribute_true_literalComparison_expectedToPass",""
"passed","Mon Dec 21 18:54:40 GMT 2020","Mon Dec 21 18:54:41 GMT 2020","1043","SHAFT_Engine: Custom Suite","SHAFT_Engine: Custom Test","unitTests.tests_validations_assertions","unitTests.tests_validations_assertions","assertElementAttribute_false_containsComparison_expectedToFail","assertElementAttribute_false_containsComparison_expectedToFail",""
"passed","Mon Dec 21 18:52:43 GMT 2020","Mon Dec 21 18:52:43 GMT 2020","6","SHAFT_Engine: Custom Suite","SHAFT_Engine: Custom Test","testPackage01.Test_NewValidationActions","testPackage01.Test_NewValidationActions","f3","f3",""
"passed","Mon Dec 21 18:52:43 GMT 2020","Mon Dec 21 18:52:43 GMT 2020","2","SHAFT_Engine: Custom Suite","SHAFT_Engine: Custom Test","testPackage01.Test_NewValidationActions","testPackage01.Test_NewValidationActions","f32","f32",""
"passed","Mon Dec 21 18:56:15 GMT 2020","Mon Dec 21 18:56:16 GMT 2020","502","SHAFT_Engine: Custom Suite","SHAFT_Engine: Custom Test","unitTests.tests_validations_assertions","unitTests.tests_validations_assertions","assertFileExists_true_expectedToFail","assertFileExists_true_expectedToFail",""
"passed","Mon Dec 21 18:54:34 GMT 2020","Mon Dec 21 18:54:35 GMT 2020","1068","SHAFT_Engine: Custom Suite","SHAFT_Engine: Custom Test","unitTests.tests_validations_assertions","unitTests.tests_validations_assertions","assertElementAttribute_false_caseInsensitiveComparison_expectedToFail","assertElementAttribute_false_caseInsensitiveComparison_expectedToFail",""
"passed","Mon Dec 21 18:56:16 GMT 2020","Mon Dec 21 18:56:16 GMT 2020","3","SHAFT_Engine: Custom Suite","SHAFT_Engine: Custom Test","unitTests.tests_validations_assertions","unitTests.tests_validations_assertions","assertFileExists_true_expectedToPass","assertFileExists_true_expectedToPass",""
"passed","Mon Dec 21 18:53:56 GMT 2020","Mon Dec 21 18:53:58 GMT 2020","2148","SHAFT_Engine: Custom Suite","SHAFT_Engine: Custom Test","testPackage01.Test_dragAndDrop","testPackage01.Test_dragAndDrop","dragAndDropJquery","dragAndDropJquery",""
"passed","Mon Dec 21 18:52:16 GMT 2020","Mon Dec 21 18:52:41 GMT 2020","25633","SHAFT_Engine: Custom Suite","SHAFT_Engine: Custom Test","testPackage01.Test_NewValidationActions","testPackage01.Test_NewValidationActions","f21","f21",""
"passed","Mon Dec 21 18:56:18 GMT 2020","Mon Dec 21 18:56:18 GMT 2020","42","SHAFT_Engine: Custom Suite","SHAFT_Engine: Custom Test","unitTests.tests_browserActions","unitTests.tests_browserActions","getCurrentURL","getCurrentURL",""
"passed","Mon Dec 21 18:53:59 GMT 2020","Mon Dec 21 18:54:00 GMT 2020","1690","SHAFT_Engine: Custom Suite","SHAFT_Engine: Custom Test","testPackage01.Test_dragAndDrop","testPackage01.Test_dragAndDrop","dragAndDrop","TC001 - Test Drag and Drop function.",""
"passed","Mon Dec 21 18:52:43 GMT 2020","Mon Dec 21 18:52:43 GMT 2020","2","SHAFT_Engine: Custom Suite","SHAFT_Engine: Custom Test","testPackage01.Test_NewValidationActions","testPackage01.Test_NewValidationActions","f27","f27",""
"passed","Mon Dec 21 18:56:15 GMT 2020","Mon Dec 21 18:56:15 GMT 2020","2","SHAFT_Engine: Custom Suite","SHAFT_Engine: Custom Test","unitTests.tests_validations_assertions","unitTests.tests_validations_assertions","assertEquals_true_expectedToPass","Assert that assertEquals works as expected when the two values are equal.",""
"passed","Mon Dec 21 18:54:37 GMT 2020","Mon Dec 21 18:54:38 GMT 2020","1031","SHAFT_Engine: Custom Suite","SHAFT_Engine: Custom Test","unitTests.tests_validations_assertions","unitTests.tests_validations_assertions","assertElementAttribute_false_caseInsensitiveComparison_expectedToPass","assertElementAttribute_false_caseInsensitiveComparison_expectedToPass",""
"passed","Mon Dec 21 18:53:44 GMT 2020","Mon Dec 21 18:53:45 GMT 2020","711","SHAFT_Engine: Custom Suite","SHAFT_Engine: Custom Test","testPackage01.Test_IsElementClickable","testPackage01.Test_IsElementClickable","testIsElementClickable","testIsElementClickable",""
"passed","Mon Dec 21 18:53:33 GMT 2020","Mon Dec 21 18:53:35 GMT 2020","2372","SHAFT_Engine: Custom Suite","SHAFT_Engine: Custom Test","testPackage01.Test_google","testPackage01.Test_google","searchForQueryandAssertResultsNumDisplayed","TC002 - Search for Query and Assert that the number of results is displayed",""
"passed","Mon Dec 21 18:56:15 GMT 2020","Mon Dec 21 18:56:15 GMT 2020","4","SHAFT_Engine: Custom Suite","SHAFT_Engine: Custom Test","unitTests.tests_validations_assertions","unitTests.tests_validations_assertions","assertEquals_longCharacters_Discreet","assertEquals_longCharacters_Discreet",""
"passed","Mon Dec 21 18:56:20 GMT 2020","Mon Dec 21 18:56:20 GMT 2020","36","SHAFT_Engine: Custom Suite","SHAFT_Engine: Custom Test","unitTests.tests_browserActions","unitTests.tests_browserActions","getCurrentWindowTitle","getCurrentWindowTitle",""
"passed","Mon Dec 21 18:55:10 GMT 2020","Mon Dec 21 18:55:12 GMT 2020","1906","SHAFT_Engine: Custom Suite","SHAFT_Engine: Custom Test","unitTests.tests_validations_assertions","unitTests.tests_validations_assertions","assertElementAttribute_true_literalComparison_expectedToFail","assertElementAttribute_true_literalComparison_expectedToFail",""
"passed","Mon Dec 21 18:53:19 GMT 2020","Mon Dec 21 18:53:20 GMT 2020","1690","SHAFT_Engine: Custom Suite","SHAFT_Engine: Custom Test","testPackage01.Test_JSONFileManager","testPackage01.Test_JSONFileManager","readStringFromJson","readStringFromJson",""
"passed","Mon Dec 21 18:56:15 GMT 2020","Mon Dec 21 18:56:15 GMT 2020","501","SHAFT_Engine: Custom Suite","SHAFT_Engine: Custom Test","unitTests.tests_validations_assertions","unitTests.tests_validations_assertions","assertFileExists_false_expectedToPass","assertFileExists_false_expectedToPass",""
"passed","Mon Dec 21 18:54:03 GMT 2020","Mon Dec 21 18:54:05 GMT 2020","2587","SHAFT_Engine: Custom Suite","SHAFT_Engine: Custom Test","testPackage01.Test_uploadFile","testPackage01.Test_uploadFile","uploadFile_invisibleUploadInput","uploadFile_invisibleUploadInput",""
"passed","Mon Dec 21 18:53:45 GMT 2020","Mon Dec 21 18:53:48 GMT 2020","2722","SHAFT_Engine: Custom Suite","SHAFT_Engine: Custom Test","testPackage01.Test_clipboardActions","testPackage01.Test_clipboardActions","typeTextAndCopyPaste","typeTextAndCopyPaste",""
"passed","Mon Dec 21 18:56:22 GMT 2020","Mon Dec 21 18:56:22 GMT 2020","46","SHAFT_Engine: Custom Suite","SHAFT_Engine: Custom Test","unitTests.tests_browserActions","unitTests.tests_browserActions","getPageSource","getPageSource",""
"passed","Mon Dec 21 18:56:15 GMT 2020","Mon Dec 21 18:56:15 GMT 2020","2","SHAFT_Engine: Custom Suite","SHAFT_Engine: Custom Test","unitTests.tests_validations_assertions","unitTests.tests_validations_assertions","assertEquals_false_expectedToPass","assertEquals_false_expectedToPass",""
"passed","Mon Dec 21 18:53:31 GMT 2020","Mon Dec 21 18:53:33 GMT 2020","1655","SHAFT_Engine: Custom Suite","SHAFT_Engine: Custom Test","testPackage01.Test_google","testPackage01.Test_google","navigateToURLandVerifyGoogleLogoIsDisplayed","TC001 - Navigate to URL and Verify Google Logo is Displayed",""
"passed","Mon Dec 21 18:55:24 GMT 2020","Mon Dec 21 18:55:24 GMT 2020","270","SHAFT_Engine: Custom Suite","SHAFT_Engine: Custom Test","unitTests.tests_validations_assertions","unitTests.tests_validations_assertions","assertElementExists_false_expectedToFail","assertElementExists_false_expectedToFail",""
"passed","Mon Dec 21 18:52:43 GMT 2020","Mon Dec 21 18:52:43 GMT 2020","2","SHAFT_Engine: Custom Suite","SHAFT_Engine: Custom Test","testPackage01.Test_NewValidationActions","testPackage01.Test_NewValidationActions","f33","f33",""
"passed","Mon Dec 21 18:56:34 GMT 2020","Mon Dec 21 18:56:36 GMT 2020","2098","SHAFT_Engine: Custom Suite","SHAFT_Engine: Custom Test","unitTests.tests_browserActions","unitTests.tests_browserActions","navigateForward","navigateForward",""
"passed","Mon Dec 21 18:56:27 GMT 2020","Mon Dec 21 18:56:27 GMT 2020","31","SHAFT_Engine: Custom Suite","SHAFT_Engine: Custom Test","unitTests.tests_browserActions","unitTests.tests_browserActions","getWindowSize","getWindowSize",""
"passed","Mon Dec 21 18:52:44 GMT 2020","Mon Dec 21 18:52:44 GMT 2020","3","SHAFT_Engine: Custom Suite","SHAFT_Engine: Custom Test","testPackage01.Test_NewValidationActions","testPackage01.Test_NewValidationActions","f3_1","f3_1",""
"passed","Mon Dec 21 18:53:35 GMT 2020","Mon Dec 21 18:53:37 GMT 2020","1375","SHAFT_Engine: Custom Suite","SHAFT_Engine: Custom Test","testPackage01.Test_google","testPackage01.Test_google","clickNextThrice","TC003 - Clicks the next button to make sure that the framework can scroll element into view before clicking it",""
"passed","Mon Dec 21 18:53:45 GMT 2020","Mon Dec 21 18:53:45 GMT 2020","1","SHAFT_Engine: Custom Suite","SHAFT_Engine: Custom Test","testPackage01.Test_SkipDueToIssue","testPackage01.Test_SkipDueToIssue","doNotSkip","doNotSkip",""
"passed","Mon Dec 21 18:56:46 GMT 2020","Mon Dec 21 18:56:49 GMT 2020","2473","SHAFT_Engine: Custom Suite","SHAFT_Engine: Custom Test","unitTests.tests_restActions","unitTests.tests_restActions","getPostsAndAssertBodyForSpecificTitle","getPostsAndAssertBodyForSpecificTitle",""
"passed","Mon Dec 21 18:56:12 GMT 2020","Mon Dec 21 18:56:12 GMT 2020","271","SHAFT_Engine: Custom Suite","SHAFT_Engine: Custom Test","unitTests.tests_validations_assertions","unitTests.tests_validations_assertions","assertElementExists_true_expectedToPass","assertElementExists_true_expectedToPass",""
"passed","Mon Dec 21 18:52:43 GMT 2020","Mon Dec 21 18:52:43 GMT 2020","2","SHAFT_Engine: Custom Suite","SHAFT_Engine: Custom Test","testPackage01.Test_NewValidationActions","testPackage01.Test_NewValidationActions","f26","f26",""
"passed","Mon Dec 21 18:54:01 GMT 2020","Mon Dec 21 18:54:02 GMT 2020","689","SHAFT_Engine: Custom Suite","SHAFT_Engine: Custom Test","testPackage01.Test_dragAndDrop","testPackage01.Test_dragAndDrop","dragAndDropByOffset","TC002 - Test Drag and Drop by offset function.",""
"passed","Mon Dec 21 18:56:40 GMT 2020","Mon Dec 21 18:56:41 GMT 2020","1152","SHAFT_Engine: Custom Suite","SHAFT_Engine: Custom Test","unitTests.tests_browserActions","unitTests.tests_browserActions","navigateToURLWithRedirection","navigateToURLWithRedirection",""
"passed","Mon Dec 21 18:54:45 GMT 2020","Mon Dec 21 18:54:47 GMT 2020","1983","SHAFT_Engine: Custom Suite","SHAFT_Engine: Custom Test","unitTests.tests_validations_assertions","unitTests.tests_validations_assertions","assertElementAttribute_false_literalComparison_expectedToFail","assertElementAttribute_false_literalComparison_expectedToFail",""
"passed","Mon Dec 21 18:56:15 GMT 2020","Mon Dec 21 18:56:15 GMT 2020","3","SHAFT_Engine: Custom Suite","SHAFT_Engine: Custom Test","unitTests.tests_validations_assertions","unitTests.tests_validations_assertions","assertFileExists_false_expectedToFail","assertFileExists_false_expectedToFail",""
"passed","Mon Dec 21 18:51:32 GMT 2020","Mon Dec 21 18:51:33 GMT 2020","1452","SHAFT_Engine: Custom Suite","SHAFT_Engine: Custom Test","testPackage01.Test_NewValidationActions","testPackage01.Test_NewValidationActions","f12","f12",""
"passed","Mon Dec 21 18:51:35 GMT 2020","Mon Dec 21 18:51:35 GMT 2020","354","SHAFT_Engine: Custom Suite","SHAFT_Engine: Custom Test","testPackage01.Test_NewValidationActions","testPackage01.Test_NewValidationActions","f13","f13",""
"passed","Mon Dec 21 18:54:33 GMT 2020","Mon Dec 21 18:54:33 GMT 2020","1","SHAFT_Engine: Custom Suite","SHAFT_Engine: Custom Test","unitTests.tests_validations_assertions","unitTests.tests_validations_assertions","assertComparativeRelation_greaterThanOrEquals_false_greaterThan_expectedToPass","assertComparativeRelation_greaterThanOrEquals_false_greaterThan_expectedToPass",""
"passed","Mon Dec 21 18:56:45 GMT 2020","Mon Dec 21 18:56:46 GMT 2020","228","SHAFT_Engine: Custom Suite","SHAFT_Engine: Custom Test","unitTests.tests_browserActions","unitTests.tests_browserActions","setWindowSize","setWindowSize",""
"passed","Mon Dec 21 18:52:44 GMT 2020","Mon Dec 21 18:52:44 GMT 2020","2","SHAFT_Engine: Custom Suite","SHAFT_Engine: Custom Test","testPackage01.Test_NewValidationActions","testPackage01.Test_NewValidationActions","f5","f5",""
"passed","Mon Dec 21 18:54:13 GMT 2020","Mon Dec 21 18:54:14 GMT 2020","1480","SHAFT_Engine: Custom Suite","SHAFT_Engine: Custom Test","unitTests.tests_element_elementActions","unitTests.tests_element_elementActions","waitForElementToBePresent_false_expectedToFail","waitForElementToBePresent_false_expectedToFail",""
"passed","Mon Dec 21 18:54:55 GMT 2020","Mon Dec 21 18:54:56 GMT 2020","989","SHAFT_Engine: Custom Suite","SHAFT_Engine: Custom Test","unitTests.tests_validations_assertions","unitTests.tests_validations_assertions","assertElementAttribute_false_regexComparison_expectedToPass","assertElementAttribute_false_regexComparison_expectedToPass",""
"passed","Mon Dec 21 18:52:14 GMT 2020","Mon Dec 21 18:52:15 GMT 2020","436","SHAFT_Engine: Custom Suite","SHAFT_Engine: Custom Test","testPackage01.Test_NewValidationActions","testPackage01.Test_NewValidationActions","f20","f20",""
"passed","Mon Dec 21 18:52:48 GMT 2020","Mon Dec 21 18:53:19 GMT 2020","30719","SHAFT_Engine: Custom Suite","SHAFT_Engine: Custom Test","testPackage01.Test_NewValidationActions","testPackage01.Test_NewValidationActions","f9","f9",""
"passed","Mon Dec 21 18:56:14 GMT 2020","Mon Dec 21 18:56:14 GMT 2020","267","SHAFT_Engine: Custom Suite","SHAFT_Engine: Custom Test","unitTests.tests_validations_assertions","unitTests.tests_validations_assertions","assertElementExists_true_multipleElementsFound_expectedToFail","assertElementExists_true_multipleElementsFound_expectedToFail",""
"passed","Mon Dec 21 18:51:38 GMT 2020","Mon Dec 21 18:51:39 GMT 2020","427","SHAFT_Engine: Custom Suite","SHAFT_Engine: Custom Test","testPackage01.Test_NewValidationActions","testPackage01.Test_NewValidationActions","f15","f15",""
"passed","Mon Dec 21 18:53:19 GMT 2020","Mon Dec 21 18:53:19 GMT 2020","1","SHAFT_Engine: Custom Suite","SHAFT_Engine: Custom Test","testPackage01.Test_NewValidationActions","testPackage01.Test_NewValidationActions","forceFail2","forceFail2",""
"passed","Mon Dec 21 18:54:43 GMT 2020","Mon Dec 21 18:54:44 GMT 2020","1024","SHAFT_Engine: Custom Suite","SHAFT_Engine: Custom Test","unitTests.tests_validations_assertions","unitTests.tests_validations_assertions","assertElementAttribute_false_containsComparison_expectedToPass","assertElementAttribute_false_containsComparison_expectedToPass",""
"passed","Mon Dec 21 18:51:37 GMT 2020","Mon Dec 21 18:51:37 GMT 2020","464","SHAFT_Engine: Custom Suite","SHAFT_Engine: Custom Test","testPackage01.Test_NewValidationActions","testPackage01.Test_NewValidationActions","f14","f14",""
"passed","Mon Dec 21 18:52:43 GMT 2020","Mon Dec 21 18:52:43 GMT 2020","3","SHAFT_Engine: Custom Suite","SHAFT_Engine: Custom Test","testPackage01.Test_NewValidationActions","testPackage01.Test_NewValidationActions","f28","f28",""
"passed","Mon Dec 21 18:55:40 GMT 2020","Mon Dec 21 18:56:11 GMT 2020","30658","SHAFT_Engine: Custom Suite","SHAFT_Engine: Custom Test","unitTests.tests_validations_assertions","unitTests.tests_validations_assertions","assertElementExists_true_expectedToFail","assertElementExists_true_expectedToFail",""
